[
  {
    "value": "Vodka",
    "synonyms": [
      "Vodka"
    ]
  },
  {
    "value": "Gin",
    "synonyms": [
      "Gin"
    ]
  },
  {
    "value": "Tequila",
    "synonyms": [
      "Tequila"
    ]
  },
  {
    "value": "Absinthe",
    "synonyms": [
      "Absinthe"
    ]
  },
  {
    "value": "Rum",
    "synonyms": [
      "Rum"
    ]
  },
  {
    "value": "Buckfast",
    "synonyms": [
      "Buckfast",
      "loopy juice",
      "wreck the hoose juice",
      "the good stuff",
      "Bucky",
      "tonic"
    ]
  },
  {
    "value": "Whisky",
    "synonyms": [
      "Whisky",
      "Whiskey",
      "Scotch",
      "Bourbon"
    ]
  }
]