[
  {
    "value": "Lemonade",
    "synonyms": [
      "Lemon",
      "lemonade",
      "Lemonade"
    ]
  },
  {
    "value": "Soda",
    "synonyms": [
      "Soda",
      "Soda Water"
    ]
  },
  {
    "value": "Irn-Bru",
    "synonyms": [
      "Brew",
      "Ginger",
      "IrnBru",
      "bru",
      "iron brew",
      "iron"
    ]
  },
  {
    "value": "Coke",
    "synonyms": [
      "Coke",
      "Coca Cola",
      "Cola"
    ]
  },
  {
    "value": "Red Bull",
    "synonyms": [
      "Red Bull",
      "Bull",
      "Red"
    ]
  },
  {
    "value": "Tonic",
    "synonyms": [
      "Tonic"
    ]
  }
]