[
  {
    "id": "421699db-7877-4ec7-b1eb-703153c685d3",
    "data": [
      {
        "text": "Can I get an ",
        "userDefined": false
      },
      {
        "text": "old fashioned",
        "alias": "cocktails",
        "meta": "@cocktails",
        "userDefined": true
      }
    ],
    "isTemplate": false,
    "count": 0
  },
  {
    "id": "9c24a800-caca-4ed8-b90a-cd8598af3e59",
    "data": [
      {
        "text": "please can I have a ",
        "userDefined": false
      },
      {
        "text": "sex on the beach",
        "alias": "cocktails",
        "meta": "@cocktails",
        "userDefined": true
      }
    ],
    "isTemplate": false,
    "count": 0
  },
  {
    "id": "97b46de1-8ad0-4697-a6f1-8efeb8deea87",
    "data": [
      {
        "text": "Geez a ",
        "userDefined": false
      },
      {
        "text": "white russian",
        "alias": "cocktails",
        "meta": "@cocktails",
        "userDefined": false
      }
    ],
    "isTemplate": false,
    "count": 0
  },
  {
    "id": "e3fcb232-d384-4c50-9f93-820193f74f6a",
    "data": [
      {
        "text": "hit me with a ",
        "userDefined": false
      },
      {
        "text": "bloody mary",
        "alias": "cocktails",
        "meta": "@cocktails",
        "userDefined": true
      }
    ],
    "isTemplate": false,
    "count": 0
  },
  {
    "id": "9e22d423-3e19-4fd3-bd4a-97e91568874c",
    "data": [
      {
        "text": "I want to order a ",
        "userDefined": false
      },
      {
        "text": "bloody mary",
        "alias": "cocktails",
        "meta": "@cocktails",
        "userDefined": false
      }
    ],
    "isTemplate": false,
    "count": 0
  },
  {
    "id": "45219504-c349-4f0b-9eaf-68cd8c06dcf6",
    "data": [
      {
        "text": "an ",
        "userDefined": false
      },
      {
        "text": "old fashioned",
        "alias": "cocktails",
        "meta": "@cocktails",
        "userDefined": true
      },
      {
        "text": " please",
        "userDefined": false
      }
    ],
    "isTemplate": false,
    "count": 0
  },
  {
    "id": "f4f2f5c6-69f1-4101-8e9d-9cd4efbec273",
    "data": [
      {
        "text": "Geez a cocktail",
        "userDefined": false
      }
    ],
    "isTemplate": false,
    "count": 0
  }
]