[
  {
    "id": "0769624a-4276-4e7e-8033-f38306f1212c",
    "data": [
      {
        "text": "Can I get a ",
        "userDefined": false
      },
      {
        "text": "gin",
        "alias": "alcohol",
        "meta": "@alcoholic_drinks",
        "userDefined": true
      },
      {
        "text": " and ",
        "userDefined": false
      },
      {
        "text": "tonic",
        "alias": "mixer",
        "meta": "@Mixers",
        "userDefined": true
      }
    ],
    "isTemplate": false,
    "count": 0,
    "updated": 1551300343
  },
  {
    "id": "0e5ce798-95f1-4e78-b18c-f2beb1dbe1ed",
    "data": [
      {
        "text": "order me a ",
        "userDefined": false
      },
      {
        "text": "white russian",
        "alias": "cocktails",
        "meta": "@cocktails",
        "userDefined": false
      }
    ],
    "isTemplate": false,
    "count": 0
  },
  {
    "id": "2cca638d-aef9-4744-9547-bf1d2e65ca63",
    "data": [
      {
        "text": "Geez me a ",
        "userDefined": false
      },
      {
        "text": "rum",
        "alias": "alcohol",
        "meta": "@alcoholic_drinks",
        "userDefined": true
      },
      {
        "text": " and ",
        "userDefined": false
      },
      {
        "text": "coke",
        "alias": "mixer",
        "meta": "@Mixers",
        "userDefined": true
      }
    ],
    "isTemplate": false,
    "count": 0,
    "updated": 1551300343
  },
  {
    "id": "75f71c12-889b-4906-a8a7-a507d0378b1d",
    "data": [
      {
        "text": "give a ",
        "userDefined": false
      },
      {
        "text": "rum",
        "alias": "alcohol",
        "meta": "@alcoholic_drinks",
        "userDefined": false
      },
      {
        "text": " and ",
        "userDefined": false
      },
      {
        "text": "bru",
        "alias": "mixer",
        "meta": "@Mixers",
        "userDefined": true
      }
    ],
    "isTemplate": false,
    "count": 1,
    "updated": 0
  },
  {
    "id": "77b1f97c-d387-4b47-ac55-c16f14607ce7",
    "data": [
      {
        "text": "Can I get a ",
        "userDefined": false
      },
      {
        "text": "vodka",
        "alias": "alcohol",
        "meta": "@alcoholic_drinks",
        "userDefined": false
      },
      {
        "text": " and ",
        "userDefined": false
      },
      {
        "text": "irnbru",
        "alias": "mixer",
        "meta": "@Mixers",
        "userDefined": false
      }
    ],
    "isTemplate": false,
    "count": 2,
    "updated": 0
  },
  {
    "id": "ffedeb23-fbce-4897-9a54-3e241eca7b3f",
    "data": [
      {
        "text": "irnbru",
        "alias": "mixer",
        "meta": "@Mixers",
        "userDefined": false
      }
    ],
    "isTemplate": false,
    "count": 1,
    "updated": 0
  },
  {
    "id": "ce532f86-10e6-45b1-a678-f3fbffb940f5",
    "data": [
      {
        "text": "I\u0027m wanting a ",
        "userDefined": false
      },
      {
        "text": "rum",
        "alias": "alcohol",
        "meta": "@alcoholic_drinks",
        "userDefined": false
      },
      {
        "text": " and ",
        "userDefined": false
      },
      {
        "text": "irn-bru",
        "alias": "mixer",
        "meta": "@Mixers",
        "userDefined": true
      }
    ],
    "isTemplate": false,
    "count": 0,
    "updated": 1551300343
  },
  {
    "id": "aba4a0b9-717e-413c-82d3-a998894e779a",
    "data": [
      {
        "text": "I want a ",
        "userDefined": false
      },
      {
        "text": "bucky",
        "alias": "alcohol",
        "meta": "@alcoholic_drinks",
        "userDefined": false
      },
      {
        "text": " and ",
        "userDefined": false
      },
      {
        "text": "coke",
        "alias": "mixer",
        "meta": "@Mixers",
        "userDefined": false
      }
    ],
    "isTemplate": false,
    "count": 1,
    "updated": 0
  },
  {
    "id": "ac6648de-b727-45b4-bcca-d58daaf86502",
    "data": [
      {
        "text": "May I have an alcoholic beverage",
        "userDefined": false
      }
    ],
    "isTemplate": false,
    "count": 0,
    "updated": 1551276981
  },
  {
    "id": "90bf9e27-c4c1-4dbb-ba70-a63cfa2f8963",
    "data": [
      {
        "text": "hit me with an ",
        "userDefined": false
      },
      {
        "text": "old fashioned",
        "alias": "cocktails",
        "meta": "@cocktails",
        "userDefined": true
      }
    ],
    "isTemplate": false,
    "count": 0
  },
  {
    "id": "ed40112f-4e9b-4843-bd4e-a2c0a7200cfb",
    "data": [
      {
        "text": "Im fiending for some ",
        "userDefined": false
      },
      {
        "text": "loopy juice",
        "alias": "alcohol",
        "meta": "@alcoholic_drinks",
        "userDefined": true
      }
    ],
    "isTemplate": false,
    "count": 0,
    "updated": 1551300343
  },
  {
    "id": "5e6b3537-0ddb-464f-9cba-93901111e378",
    "data": [
      {
        "text": "I want to order a drink",
        "userDefined": false
      }
    ],
    "isTemplate": false,
    "count": 0,
    "updated": 1551276303
  },
  {
    "id": "ca62ae17-9841-400a-9273-68049b287aff",
    "data": [
      {
        "text": "Please can I have a ",
        "userDefined": false
      },
      {
        "text": "gin",
        "alias": "alcohol",
        "meta": "@alcoholic_drinks",
        "userDefined": true
      },
      {
        "text": " and ",
        "userDefined": false
      },
      {
        "text": "tonic",
        "alias": "mixer",
        "meta": "@Mixers",
        "userDefined": true
      }
    ],
    "isTemplate": false,
    "count": 0,
    "updated": 1551300343
  },
  {
    "id": "63736052-49b4-4744-aa7b-1e8ae29ec76a",
    "data": [
      {
        "text": "Give me a martini, shaken not stirred",
        "userDefined": false
      }
    ],
    "isTemplate": false,
    "count": 0,
    "updated": 1551276981
  },
  {
    "id": "1bdf0825-d26c-4603-9791-d24c8b419f7e",
    "data": [
      {
        "text": "I want a drink",
        "userDefined": false
      }
    ],
    "isTemplate": false,
    "count": 0,
    "updated": 1551275991
  },
  {
    "id": "1278bd5b-f4c5-404d-8506-98d842620997",
    "data": [
      {
        "text": "Can I get a martini",
        "userDefined": false
      }
    ],
    "isTemplate": false,
    "count": 0,
    "updated": 1551276981
  },
  {
    "id": "ffce9380-dfc0-4407-955b-54e1e6647093",
    "data": [
      {
        "text": "I want a ",
        "userDefined": false
      },
      {
        "text": "vodka",
        "alias": "alcohol",
        "meta": "@alcoholic_drinks",
        "userDefined": true
      },
      {
        "text": " and ",
        "userDefined": false
      },
      {
        "text": "coke",
        "alias": "mixer",
        "meta": "@Mixers",
        "userDefined": true
      }
    ],
    "isTemplate": false,
    "count": 0,
    "updated": 1551300343
  }
]